{"cameraMode":{"drawMode":0,"name":"Shaded","section":"Shading Mode"},"sceneLighting":true,"audioPlay":false,"sceneViewState":{"showFog":true,"showMaterialUpdate":true,"showSkybox":true,"showFlares":true,"showImageEffects":true,"showParticleSystems":true},"in2DMode":false,"pivot":{"x":-11.367194175720215,"y":-7.740353107452393,"z":-10.266372680664063},"rotation":{"x":-0.1232352927327156,"y":-0.07554849237203598,"z":0.009403962641954422,"w":-0.9894682765007019},"size":51.84700393676758,"orthographic":false}